CategoryLetter,FullTitle,PublicationYear,PageNumber
1700,At The Cross,1707,41
,When I Survey The Wondrous Cross,1707,557
,And Can It Be (Amazing Love),1738,29
,Christ The Lord Is Risen Today,1739,105
,Come Thou Fount,1758,111
,Come Thou Fount,1758,111
,Amazing Grace,1779,21
,How Firm A Foundation,1787,258
,How Firm A Foundation,1787,258
1800,Holy Holy Holy,1826,248
,"Solid Rock, The",1834,498
,Just As I Am,1835,325
,Just As I Am,1835,325
,Nearer My God To Thee,1841,407
,Crown Him With Many Crowns,1851,121
,What A Friend We Have In Jesus,1855,556
,Mine Eyes Have Seen The Glory (Battle Hymn),1862,389
,Jesus Paid It All,1865,320
,Onward Christian Soldiers,1865,449
,Blessed Assurance,1873,76
,It Is Well With My Soul,1873,308
,Like A River Glorious,1874,348
,O The Deep Deep Love Of Jesus,1875,429
,To God Be The Glory,1875,530
,To God Be The Glory,1875,530
,I Will Sing Of My Redeemer,1876,289
,Are You Washed In The Blood,1878,39
,Are You Washed In The Blood,1878,39
,Are You Washed In The Blood,1878,39
,Tis So Sweet To Trust In Jesus,1882,529
,Tis So Sweet To Trust In Jesus,1882,529
,I Will Sing The Wondrous Story,1886,293
,Trust And Obey,1887,535
,When The Roll Is Called Up Yonder,1893,558
,I Surrender All,1896,280
1900,I Stand Amazed (My Savior's Love),1905,277
,"Love Of God, The",1917,371
,"Love Of God, The",1917,371
,"Love Of God, The",1917,371
,Great Is Thy Faithfulness,1923,201
,I'll Fly Away,1932,295
,Victory In Jesus (I Heard An Old Old Story),1939,542
,How Great Thou Art,1953,261
,Because He Lives,1971,65
1980,There Is A Redeemer,1982,516
,As The Deer,1984,40
,Hosanna,1985,249
,All Heaven Declares,1987,12
,I Stand In Awe,1987,278
,Lord I Lift Your Name On High,1989,357
,Wonderful Merciful Savior,1989,575
,Wonderful Merciful Savior,1989,575
,Wonderful Merciful Savior,1989,575
1990,Behold The Lord,1991,71
,You Are My All In All,1991,589
,"Power Of Your Love, The",1992,461
,Knowing You (All I Once Held Dear),1993,337
,Shout To The Lord,1993,489
,You Are Holy (Prince Of Piece),1994,585
,Better Is One Day,1995,73
,How Deep The Father's Love For Us,1995,257
,Once Again,1995,441
,Days Of Elijah,1996,122
,You Are My King (Amazing Love),1996,590
,Before The Throne Of God Above,1997,67
,Open The Eyes Of My Heart,1997,451
,Come Now Is The Time To Worship,1998,109
,My Redeemer Lives,1998,405
,"Heart Of Worship, The",1999,225
2000,God Of Wonders,2000,181
,Here I Am To Worship,2000,237
,"Wonderful Cross, The",2000,573
,Ancient Words,2001,25
,Forever,2001,153
,Forever,2001,153
,In Christ Alone,2001,297
,In Christ Alone,2001,297
,In Christ Alone,2001,297
,Beautiful One,2002,61
,Blessed Be Your Name,2002,77
,Still (Hide Me Now),2002,501
,Still (Hide Me Now),2002,501
,He Reigns,2003,217
,Who Am I,2003,561
,Your Grace Is Enough,2003,593
,Your Grace Is Enough,2003,593
,Here Is Love,2004,241
,How Great Is Our God,2004,259
,How Great Is Our God,2004,259
,Indescribable,2004,301
,Revelation Song,2004,477
,Everlasting God,2005,145
,From The Inside Out,2005,165
,"Power Of The Cross, The",2005,458
,Praise You In This Storm,2005,465
,"Stand, The",2005,499
,"Stand, The",2005,499
,Sweetly Broken,2005,509
,Amazing Grace (My Chains Are Gone),2006,22
,God Of This City,2006,177
,Hosanna (I See The King Of Glory),2006,250
,Hosanna (Praise Is Rising),2006,253
,Lead Me To The Cross (Quiet I Come),2006,345
,Mighty To Save,2006,385
,Healer,2007,221
,Stronger,2007,505
,I Will Rise,2008,285
,Jesus Messiah,2008,317
,Your Great Name,2008,597
,Your Great Name,2008,597
,Your Love Never Fails,2008,601
,Break Every Chain,2009,81
,Break Every Chain,2009,81
,Just As I Am (I Come Broken),2009,326
,Just As I Am (I Come Broken),2009,326
,This Is My Father's World,2009,525
2010,All To Us,2010,17
,I Lift My Hands,2010,273
,I Will Follow,2010,281
,One Thing Remains (Your Love Never Fails),2010,445
,Our God (Water You Turned Into Wine),2010,453
,Our God (Water You Turned Into Wine),2010,453
,Our God (Water You Turned Into Wine),2010,453
,Rooftops,2010,481
,"10,000 Reasons (Bless The Lord)",2011,1
,All The Poor And Powerless,2011,13
,Behold Our God,2011,69
,Build Your Kingdom Here,2011,93
,Cornerstone,2011,113
,Cornerstone,2011,113
,Great I Am,2011,197
,Here For You,2011,233
,Holy (Wedding Day),2011,245
,Lord I Need You,2011,361
,All Glory Be To Christ,2012,9
,Great Are You Lord,2012,193
,Great Are You Lord,2012,193
,Great Are You Lord,2012,193
,Jesus Son Of God,2012,321
,Man Of Sorrows,2012,377
,Mountain,2012,393
,Mountain,2012,393
,Mountain,2012,393
,Oceans (Where Feet May Fail),2012,433
,This Is Amazing Grace,2012,517
,Whom Shall I Fear (God Of Angel Armies),2012,569
,Your Presence Is Heaven,2012,605
,Crown Him (Majesty),2013,117
,Forever (We Sing Hallelujah),2013,157
,It Is Well (Grander Earth),2013,305
,"Lord Our God, The",2013,369
,Mercy,2013,381
,My Lighthouse,2013,401
,Victor's Crown,2013,537
,At The Cross (Love Ran Red),2014,45
,Broken Vessels (Amazing Grace),2014,85
,Broken Vessels (Amazing Grace),2014,85
,Christ The Lord Is Risen Today (He Is Not Dead),2014,106
,Ever Be,2014,141
,Good Good Father,2014,185
,No Longer Slaves,2014,413
,Death Was Arrested,2015,125
,Even So Come,2015,137
,King Of My Heart,2015,333
,"Lion And The Lamb, The",2015,349
,O Praise The Name,2015,425
,Oh What Love,2015,437
,Resurrecting,2015,473
,Build My Life,2016,89
,Do It Again,2016,133
,Forgiven,2016,161
,"Lord Is My Salvation, The",2016,365
,Mountain (You're Wonderful),2016,397
,Tremble,2016,533
,What A Beautiful Name,2016,553
,Death Where Is Your Sting,2017,129
,Gracefully Broken,2017,189
,Living Hope,2017,353
,New Wine,2017,409
,Reckless Love,2017,469
,So Will I (100 Billion X),2017,493
,Who You Say I Am,2017,565
,Another In The Fire,2018,33
,Great Is Thy Faithfulness (Beginning To End),2018,205
,Here Again,2018,229
,King Of Kings,2019,329
