CategoryLetter,FullTitle,FullKey,PageNumber
A,All Heaven Declares,A,12
,All The Poor And Powerless,A,13
,Days Of Elijah,A (Bb),122
,Do It Again,A (Bb),133
,Everlasting God,A (Bb),145
,Forever,A,153
,Forever,A,153
,Forever (We Sing Hallelujah),A,157
,Good Good Father,A,185
,Gracefully Broken,A,189
,Great Are You Lord,A,193
,Great Are You Lord,A,193
,Great Are You Lord,A,193
,Holy (Wedding Day),A (Bb),245
,I Stand In Awe,A,278
,I Will Follow,A (Bb),281
,Just As I Am (I Come Broken),A,326
,Just As I Am (I Come Broken),A,326
,King Of My Heart,A (Bb),333
,"Lord Is My Salvation, The",A,365
,Mighty To Save,A,385
,New Wine,A (Bb),409
,No Longer Slaves,A (Bb),413
,"Power Of The Cross, The",A,458
,"Power Of Your Love, The",A (Bb),461
,Shout To The Lord,A,489
,So Will I (100 Billion X),A,493
,"Stand, The",A,499
,"Stand, The",A,499
,Who You Say I Am,A,565
,Your Love Never Fails,A (Bb),601
B,Blessed Be Your Name,B,77
,Death Was Arrested,B,125
,Forgiven,B,161
,Healer,B,221
,How Great Thou Art,B (Bb),261
,I Lift My Hands,B,273
,I Will Rise,B,285
,Jesus Messiah,B,317
,Jesus Son Of God,B,321
,"Lion And The Lamb, The",B,349
,Lord I Need You,B,361
,Mountain (You're Wonderful),B,397
,Our God (Water You Turned Into Wine),B,453
,Our God (Water You Turned Into Wine),B,453
,Our God (Water You Turned Into Wine),B,453
,Sweetly Broken,B,509
,Who Am I,B,561
C,Another In The Fire,C,33
,Behold Our God,C,69
,Christ The Lord Is Risen Today,C,105
,Christ The Lord Is Risen Today (He Is Not Dead),C,106
,Cornerstone,C,113
,Cornerstone,C,113
,Death Where Is Your Sting,C,129
,From The Inside Out,C,165
,God Of This City,C,177
,Great Is Thy Faithfulness (Beginning To End),C,205
,Here Again,C,229
,How Great Is Our God,C,259
,How Great Is Our God,C,259
,It Is Well With My Soul,C,308
,Jesus Paid It All,C (Db),320
,Just As I Am,C (Db),325
,Just As I Am,C (Db),325
,Knowing You (All I Once Held Dear),C,337
,"Lord Our God, The",C,369
,Mercy,C,381
,My Lighthouse,C,401
,O Praise The Name,C,425
,Resurrecting,C (Db),473
,Still (Hide Me Now),C,501
,Still (Hide Me Now),C,501
,Stronger,C,505
,Tremble,C,533
,Victor's Crown,C,537
,Whom Shall I Fear (God Of Angel Armies),C,569
,Wonderful Merciful Savior,C,575
,Wonderful Merciful Savior,C,575
,Wonderful Merciful Savior,C,575
,Your Great Name,C,597
,Your Great Name,C,597
D,As The Deer,D,40
,At The Cross,D (Eb),41
,Beautiful One,D,61
,Before The Throne Of God Above,D,67
,Blessed Assurance,D,76
,Build Your Kingdom Here,D,93
,Come Now Is The Time To Worship,D,109
,Come Thou Fount,D,111
,Come Thou Fount,D,111
,Crown Him (Majesty),D,117
,Crown Him With Many Crowns,D,121
,Ever Be,D,141
,Great I Am,D,197
,Great Is Thy Faithfulness,D,201
,"Heart Of Worship, The",D,225
,Holy Holy Holy,D,248
,How Deep The Father's Love For Us,D,257
,I Surrender All,D,280
,I Will Sing Of My Redeemer,D (Eb),289
,In Christ Alone,D,297
,In Christ Alone,D,297
,In Christ Alone,D,297
,King Of Kings,D,329
,Lead Me To The Cross (Quiet I Come),D,345
,Living Hope,D (Eb),353
,"Love Of God, The",D,371
,"Love Of God, The",D,371
,"Love Of God, The",D,371
,Mountain,D,393
,Mountain,D,393
,Mountain,D,393
,Oceans (Where Feet May Fail),D,433
,Oh What Love,D,437
,Once Again,D (Eb),441
,Revelation Song,D,477
,There Is A Redeemer,D,516
,This Is My Father's World,D,525
,What A Beautiful Name,D,553
,"Wonderful Cross, The",D,573
,Your Presence Is Heaven,D,605
E,All Glory Be To Christ,E,9
,Ancient Words,E,25
,Better Is One Day,E,73
,Here I Am To Worship,E,237
,Hosanna (I See The King Of Glory),E,250
,My Redeemer Lives,E,405
,Open The Eyes Of My Heart,E,451
,Rooftops,E,481
,You Are My King (Amazing Love),E,590
F,Amazing Grace (My Chains Are Gone),F,22
,Break Every Chain,F (F#),81
,Break Every Chain,F (F#),81
,I Will Sing The Wondrous Story,F,293
,Like A River Glorious,F,348
,Man Of Sorrows,F,377
,Nearer My God To Thee,F,407
,Onward Christian Soldiers,F,449
,Praise You In This Storm,F (F#),465
,Reckless Love,F (F#),469
,"Solid Rock, The",F,498
,Trust And Obey,F,535
,What A Friend We Have In Jesus,F,556
,When I Survey The Wondrous Cross,F,557
,You Are My All In All,F,589
G,"10,000 Reasons (Bless The Lord)",G,1
,All To Us,G (Ab),17
,Amazing Grace,G,21
,And Can It Be (Amazing Love),G,29
,Are You Washed In The Blood,G (Ab),39
,Are You Washed In The Blood,G (Ab),39
,Are You Washed In The Blood,G (Ab),39
,At The Cross (Love Ran Red),G,45
,Because He Lives,G (Ab),65
,Behold The Lord,G,71
,Broken Vessels (Amazing Grace),G,85
,Broken Vessels (Amazing Grace),G,85
,Build My Life,G,89
,Even So Come,G,137
,God Of Wonders,G (A),181
,He Reigns,G,217
,Here For You,G (Ab),233
,Here Is Love,G,241
,Hosanna,G,249
,Hosanna (Praise Is Rising),G,253
,How Firm A Foundation,G (Ab),258
,How Firm A Foundation,G (Ab),258
,I Stand Amazed (My Savior's Love),G (Ab),277
,I'll Fly Away,G,295
,Indescribable,G (Bb),301
,It Is Well (Grander Earth),G,305
,Lord I Lift Your Name On High,G,357
,Mine Eyes Have Seen The Glory (Battle Hymn),G (Bb),389
,One Thing Remains (Your Love Never Fails),G (Bb),445
,This Is Amazing Grace,G (Bb),517
,Tis So Sweet To Trust In Jesus,G,529
,Tis So Sweet To Trust In Jesus,G,529
,To God Be The Glory,G,530
,To God Be The Glory,G,530
,Victory In Jesus (I Heard An Old Old Story),G,542
,When The Roll Is Called Up Yonder,G (Ab),558
,You Are Holy (Prince Of Piece),G,585
,Your Grace Is Enough,G,593
,Your Grace Is Enough,G,593
Em,O The Deep Deep Love Of Jesus,Em,429
